step,loss,lr,tokens,elapsed_s
10,10.7070,1.200000e-05,5242880,198.5
20,10.2495,2.400000e-05,10485760,394.6
30,9.8047,3.600000e-05,15728640,587.7
40,9.3299,4.800000e-05,20971520,784.1
50,8.8156,6.000000e-05,26214400,977.1
60,8.3028,7.200000e-05,31457280,1166.1
70,7.9071,8.400000e-05,36700160,1352.4
80,7.5156,9.600000e-05,41943040,1537.1
90,7.1499,1.080000e-04,47185920,1720.5
100,6.7967,1.200000e-04,52428800,1912.3
110,6.6333,1.320000e-04,57671680,2097.0
120,6.2025,1.440000e-04,62914560,2279.0
130,6.1364,1.560000e-04,68157440,2458.3
140,5.8903,1.680000e-04,73400320,2638.9
150,5.7943,1.800000e-04,78643200,2817.4
160,5.6529,1.920000e-04,83886080,2994.3
170,5.5730,2.040000e-04,89128960,3170.0
180,5.5189,2.160000e-04,94371840,3346.8
190,5.4159,2.280000e-04,99614720,3523.2
200,5.2233,2.400000e-04,104857600,3710.8
210,5.2252,2.520000e-04,110100480,3887.2
220,5.0105,2.640000e-04,115343360,4062.9
230,5.0460,2.760000e-04,120586240,4239.1
240,5.0156,2.880000e-04,125829120,4414.8
250,4.9079,3.000000e-04,131072000,4590.0
260,4.9045,3.120000e-04,136314880,4790.8
270,4.8022,3.240000e-04,141557760,4966.7
280,4.6846,3.360000e-04,146800640,5142.0
290,4.7296,3.480000e-04,152043520,5318.0
300,4.7723,3.600000e-04,157286400,5506.2
310,4.5863,3.720000e-04,162529280,5680.3
320,4.4905,3.840000e-04,167772160,5854.3
330,4.4388,3.960000e-04,173015040,6028.5
340,4.5487,4.080000e-04,178257920,6202.5
350,4.3651,4.200000e-04,183500800,6376.5
360,4.2852,4.320000e-04,188743680,6550.1
370,4.2137,4.440000e-04,193986560,6724.4
380,4.1971,4.560000e-04,199229440,6898.6
390,4.0621,4.680000e-04,204472320,7072.5
400,4.1038,4.800000e-04,209715200,7246.2
410,4.1050,4.920000e-04,214958080,7433.3
420,4.1131,5.040000e-04,220200960,7606.8
430,4.1120,5.160000e-04,225443840,7780.1
440,4.1014,5.280000e-04,230686720,7953.4
450,4.0771,5.400000e-04,235929600,8127.0
460,4.0139,5.520000e-04,241172480,8300.6
470,3.9215,5.640000e-04,246415360,8474.9
480,3.9407,5.760000e-04,251658240,8648.4
490,3.9035,5.880000e-04,256901120,8821.6
500,3.9618,6.000000e-04,262144000,8994.6
510,3.9114,5.999941e-04,267386880,9214.9
520,3.8614,5.999736e-04,272629760,9388.2
530,3.8288,5.999385e-04,277872640,9561.4
540,3.7152,5.998889e-04,283115520,9734.5
550,3.8325,5.998246e-04,288358400,9907.4
560,3.8093,5.997457e-04,293601280,10080.6
570,3.6667,5.996522e-04,298844160,10253.8
580,3.7688,5.995441e-04,304087040,10426.8
590,3.8053,5.994214e-04,309329920,10600.2
600,3.6427,5.992841e-04,314572800,10772.9
610,3.7540,5.991322e-04,319815680,10965.2
620,3.7471,5.989658e-04,325058560,11137.0
630,3.7186,5.987848e-04,330301440,11309.7
640,3.6573,5.985893e-04,335544320,11482.7
650,3.5578,5.983793e-04,340787200,11655.5
660,3.6508,5.981547e-04,346030080,11828.4
670,3.5808,5.979155e-04,351272960,12000.9
680,3.5477,5.976619e-04,356515840,12174.1
690,3.5976,5.973938e-04,361758720,12346.8
700,3.4840,5.971113e-04,367001600,12519.6
710,3.5363,5.968142e-04,372244480,12692.3
720,3.5571,5.965028e-04,377487360,12876.0
730,3.5737,5.961769e-04,382730240,13047.7
740,3.5533,5.958365e-04,387973120,13220.2
750,3.5040,5.954818e-04,393216000,13392.7
760,3.5394,5.951128e-04,398458880,13590.2
770,3.5015,5.947293e-04,403701760,13763.1
780,3.5842,5.943316e-04,408944640,13935.9
790,3.5360,5.939195e-04,414187520,14108.5
800,3.4035,5.934932e-04,419430400,14281.1
810,3.4686,5.930526e-04,424673280,14453.9
820,3.5509,5.925977e-04,429916160,14637.6
830,3.4643,5.921287e-04,435159040,14809.5
840,3.4916,5.916454e-04,440401920,14981.9
850,3.4522,5.911480e-04,445644800,15154.2
860,3.4066,5.906365e-04,450887680,15326.8
870,3.4619,5.901108e-04,456130560,15499.5
880,3.5218,5.895711e-04,461373440,15672.3
890,3.4564,5.890173e-04,466616320,15844.9
900,3.3916,5.884495e-04,471859200,16017.3
910,3.4700,5.878677e-04,477102080,16189.9
920,3.3347,5.872719e-04,482344960,16362.3
930,3.4300,5.866622e-04,487587840,16545.2
940,3.3257,5.860386e-04,492830720,16717.3
950,3.3461,5.854012e-04,498073600,16889.6
960,3.4256,5.847499e-04,503316480,17062.0
970,3.4088,5.840849e-04,508559360,17234.3
980,3.3506,5.834061e-04,513802240,17407.0
990,3.5136,5.827135e-04,519045120,17579.6
1000,3.3712,5.820073e-04,524288000,17752.0
1010,3.3255,5.812875e-04,529530880,17951.0
1020,3.4113,5.805541e-04,534773760,18124.1
1030,3.3172,5.798070e-04,540016640,18307.7
1040,3.3057,5.790465e-04,545259520,18479.4
1050,3.4156,5.782725e-04,550502400,18651.4
1060,3.3468,5.774850e-04,555745280,18823.3
1070,3.4299,5.766842e-04,560988160,18995.4
1080,3.3873,5.758700e-04,566231040,19167.7
1090,3.2920,5.750425e-04,571473920,19340.3
1100,3.2866,5.742017e-04,576716800,19513.0
1110,3.3085,5.733477e-04,581959680,19685.6
1120,3.3826,5.724806e-04,587202560,19858.0
1130,3.3320,5.716003e-04,592445440,20041.7
1140,3.2621,5.707069e-04,597688320,20213.2
1150,3.3446,5.698005e-04,602931200,20385.6
1160,3.3342,5.688811e-04,608174080,20558.0
1170,3.3648,5.679488e-04,613416960,20730.6
1180,3.3435,5.670036e-04,618659840,20903.3
1190,3.3764,5.660456e-04,623902720,21076.0
1200,3.2960,5.650748e-04,629145600,21248.6
1210,3.3820,5.640913e-04,634388480,21421.2
1220,3.3556,5.630951e-04,639631360,21593.6
1230,3.3601,5.620863e-04,644874240,21766.2
1240,3.3236,5.610649e-04,650117120,21949.5
1250,3.3527,5.600310e-04,655360000,22121.5
1260,3.2525,5.589847e-04,660602880,22318.9
1270,3.3593,5.579260e-04,665845760,22492.0
1280,3.3054,5.568549e-04,671088640,22664.5
1290,3.2638,5.557715e-04,676331520,22836.8
1300,3.1845,5.546760e-04,681574400,23009.5
1310,3.2540,5.535682e-04,686817280,23181.9
1320,3.2527,5.524484e-04,692060160,23354.7
1330,3.3000,5.513165e-04,697303040,23527.3
1340,3.2329,5.501727e-04,702545920,23711.2
1350,3.2517,5.490169e-04,707788800,23882.7
1360,3.2588,5.478493e-04,713031680,24055.0
1370,3.2393,5.466699e-04,718274560,24227.4
1380,3.3358,5.454787e-04,723517440,24399.9
1390,3.3149,5.442759e-04,728760320,24572.4
1400,3.3126,5.430615e-04,734003200,24745.2
1410,3.3368,5.418356e-04,739246080,24917.6
1420,3.2302,5.405982e-04,744488960,25089.9
1430,3.1544,5.393494e-04,749731840,25262.3
1440,3.1428,5.380892e-04,754974720,25434.9
1450,3.3389,5.368178e-04,760217600,25618.3
1460,3.1885,5.355352e-04,765460480,25789.9
1470,3.2256,5.342415e-04,770703360,25961.9
1480,3.1734,5.329367e-04,775946240,26133.7
1490,3.1808,5.316209e-04,781189120,26305.5
1500,3.1973,5.302943e-04,786432000,26477.4
1510,3.2002,5.289567e-04,791674880,26675.7
1520,3.2278,5.276084e-04,796917760,26848.5
1530,3.1266,5.262495e-04,802160640,27020.2
1540,3.1620,5.248798e-04,807403520,27192.1
1550,3.2510,5.234997e-04,812646400,27376.3
1560,3.2704,5.221090e-04,817889280,27547.5
1570,3.2249,5.207080e-04,823132160,27719.0
1580,3.2701,5.192967e-04,828375040,27890.7
1590,3.0822,5.178751e-04,833617920,28062.6
1600,3.2868,5.164433e-04,838860800,28234.5
1610,3.1972,5.150014e-04,844103680,28406.3
1620,3.2885,5.135495e-04,849346560,28578.1
1630,3.1685,5.120877e-04,854589440,28749.9
1640,3.1922,5.106161e-04,859832320,28921.9
1650,3.1797,5.091346e-04,865075200,29093.5
1660,3.1950,5.076435e-04,870318080,29275.9
1670,3.2264,5.061427e-04,875560960,29447.2
1680,3.2281,5.046324e-04,880803840,29619.2
1690,3.2072,5.031126e-04,886046720,29791.0
1700,3.2343,5.015835e-04,891289600,29962.7
1710,3.1883,5.000451e-04,896532480,30134.7
1720,3.3353,4.984975e-04,901775360,30306.3
1730,3.2214,4.969408e-04,907018240,30478.0
1740,3.1018,4.953750e-04,912261120,36.6
1750,3.1774,4.938003e-04,917504000,221.5
1760,3.1657,4.922167e-04,922746880,424.7
1770,3.1677,4.906243e-04,927989760,604.8
1780,3.2188,4.890233e-04,933232640,785.0
1790,3.2177,4.874136e-04,938475520,963.9
1800,3.1053,4.857954e-04,943718400,1142.1
1810,3.1409,4.841688e-04,948961280,1320.1
1820,3.1434,4.825338e-04,954204160,1497.1
1830,3.2131,4.808906e-04,959447040,1674.3
1840,3.1577,4.792392e-04,964689920,1866.1
1850,3.2999,4.775797e-04,969932800,2043.0
1860,3.1683,4.759122e-04,975175680,2219.6
1870,3.3097,4.742369e-04,980418560,2395.5
1880,3.2160,4.725537e-04,985661440,2571.5
1890,3.1237,4.708628e-04,990904320,2747.1
1900,3.2136,4.691643e-04,996147200,2922.3
1910,3.1233,4.674583e-04,1001390080,3097.0
1920,3.1066,4.657448e-04,1006632960,3272.6
1930,3.1470,4.640240e-04,1011875840,3447.6
1940,3.1663,4.622959e-04,1017118720,3622.3
1950,3.1540,4.605606e-04,1022361600,3811.3
1960,3.1511,4.588183e-04,1027604480,3986.3
1970,3.2184,4.570690e-04,1032847360,4160.3
1980,3.2083,4.553129e-04,1038090240,4334.5
1990,3.1606,4.535499e-04,1043333120,4508.6
2000,3.1744,4.517803e-04,1048576000,4682.6
2010,3.2114,4.500040e-04,1053818880,4877.5
2020,3.2071,4.482213e-04,1059061760,5051.1
2030,3.1227,4.464322e-04,1064304640,5224.4
2040,3.0959,4.446368e-04,1069547520,5397.9
2050,3.1859,4.428351e-04,1074790400,5586.2
2060,3.2311,4.410274e-04,1080033280,5760.5
2070,3.1938,4.392136e-04,1085276160,5934.4
2080,3.1049,4.373940e-04,1090519040,6108.3
2090,3.1978,4.355685e-04,1095761920,6282.1
2100,3.1330,4.337373e-04,1101004800,6455.8
2110,3.1361,4.319005e-04,1106247680,6629.5
2120,3.2491,4.300582e-04,1111490560,6803.3
2130,3.0748,4.282105e-04,1116733440,6976.8
2140,3.1482,4.263574e-04,1121976320,7150.3
2150,3.1575,4.244991e-04,1127219200,7337.3
2160,3.1631,4.226358e-04,1132462080,7511.3
2170,3.1355,4.207674e-04,1137704960,7685.0
2180,3.0888,4.188940e-04,1142947840,7858.2
2190,3.1528,4.170159e-04,1148190720,8031.3
2200,3.2839,4.151331e-04,1153433600,8204.6
2210,3.0398,4.132456e-04,1158676480,8377.7
2220,3.1548,4.113537e-04,1163919360,8551.1
2230,3.1523,4.094573e-04,1169162240,8724.2
2240,3.0871,4.075567e-04,1174405120,8897.4
2250,3.0741,4.056518e-04,1179648000,9070.5
2260,3.1756,4.037429e-04,1184890880,9280.5
2270,3.1581,4.018299e-04,1190133760,9453.4
2280,3.0322,3.999131e-04,1195376640,9626.6
2290,3.1457,3.979925e-04,1200619520,9799.5
2300,3.0252,3.960682e-04,1205862400,9972.5
2310,3.0305,3.941404e-04,1211105280,10145.8
2320,3.1666,3.922090e-04,1216348160,10318.9
2330,3.1468,3.902743e-04,1221591040,10492.0
2340,3.1048,3.883363e-04,1226833920,10665.0
2350,3.1849,3.863952e-04,1232076800,10838.0
2360,3.1283,3.844510e-04,1237319680,11025.3
2370,3.2164,3.825039e-04,1242562560,11199.4
2380,3.1239,3.805539e-04,1247805440,11372.7
2390,3.1573,3.786012e-04,1253048320,11546.2
2400,3.0910,3.766459e-04,1258291200,11719.3
2410,3.0943,3.746880e-04,1263534080,11892.3
2420,3.1412,3.727277e-04,1268776960,12065.5
2430,3.1615,3.707651e-04,1274019840,12238.1
2440,3.1389,3.688003e-04,1279262720,12411.1
2450,3.1104,3.668334e-04,1284505600,12584.1
2460,3.1164,3.648646e-04,1289748480,12770.3
2470,3.1476,3.628938e-04,1294991360,12944.3
2480,3.1539,3.609212e-04,1300234240,13117.5
2490,3.2368,3.589470e-04,1305477120,13290.5
2500,3.1311,3.569712e-04,1310720000,13463.7
2510,3.0998,3.549939e-04,1315962880,13657.1
2520,3.0770,3.530153e-04,1321205760,13829.4
2530,3.1019,3.510354e-04,1326448640,14002.2
2540,3.1316,3.490544e-04,1331691520,14175.4
2550,3.1656,3.470724e-04,1336934400,14348.6
2560,3.2004,3.450894e-04,1342177280,14521.5
2570,3.1383,3.431057e-04,1347420160,14709.6
2580,3.1061,3.411212e-04,1352663040,14882.8
2590,3.1082,3.391361e-04,1357905920,15055.9
2600,3.1728,3.371505e-04,1363148800,15228.9
2610,3.1366,3.351646e-04,1368391680,15402.1
2620,3.1340,3.331783e-04,1373634560,15575.2
2630,3.1613,3.311919e-04,1378877440,15748.0
2640,3.1112,3.292054e-04,1384120320,15921.1
2650,3.1702,3.272190e-04,1389363200,16094.3
2660,3.0966,3.252327e-04,1394606080,16267.3
2670,3.0590,3.232466e-04,1399848960,16454.3
2680,3.2157,3.212610e-04,1405091840,16628.3
2690,2.9881,3.192758e-04,1410334720,16801.4
2700,3.0723,3.172912e-04,1415577600,16974.7
2710,3.1193,3.153073e-04,1420820480,17147.7
2720,3.0422,3.133241e-04,1426063360,17320.7
2730,3.0561,3.113419e-04,1431306240,17493.7
2740,3.0406,3.093607e-04,1436549120,17666.6
2750,2.9502,3.073806e-04,1441792000,17839.5
2760,2.9866,3.054017e-04,1447034880,18031.9
2770,3.1210,3.034242e-04,1452277760,18228.8
2780,3.1083,3.014481e-04,1457520640,18403.2
2790,3.0378,2.994735e-04,1462763520,18576.5
2800,3.0658,2.975006e-04,1468006400,18749.8
2810,3.1777,2.955295e-04,1473249280,18922.7
2820,3.1513,2.935602e-04,1478492160,19095.7
2830,3.1480,2.915929e-04,1483735040,19268.7
2840,3.0331,2.896276e-04,1488977920,19441.6
2850,3.0994,2.876646e-04,1494220800,19614.5
2860,3.1068,2.857038e-04,1499463680,19787.5
2870,3.1017,2.837455e-04,1504706560,19960.1
2880,3.1164,2.817896e-04,1509949440,20147.6
2890,3.0923,2.798364e-04,1515192320,20320.8
2900,2.9980,2.778859e-04,1520435200,20493.5
2910,3.1056,2.759382e-04,1525678080,20666.4
2920,3.0475,2.739934e-04,1530920960,20839.3
2930,3.1008,2.720516e-04,1536163840,21012.0
2940,3.0458,2.701130e-04,1541406720,21184.8
2950,3.0375,2.681777e-04,1546649600,21357.6
2960,3.1201,2.662456e-04,1551892480,21530.4
2970,3.1263,2.643171e-04,1557135360,21703.3
2980,3.1612,2.623921e-04,1562378240,21889.9
2990,3.0855,2.604707e-04,1567621120,22063.3
3000,3.2069,2.585531e-04,1572864000,22236.3
3010,2.9656,2.566394e-04,1578106880,22429.5
3020,3.1192,2.547296e-04,1583349760,22601.4
3030,3.0032,2.528240e-04,1588592640,22773.8
3040,3.0454,2.509225e-04,1593835520,22946.7
3050,3.0726,2.490252e-04,1599078400,23119.5
3060,3.1501,2.471324e-04,1604321280,23292.2
3070,3.1223,2.452440e-04,1609564160,23465.0
3080,3.0004,2.433603e-04,1614807040,23637.6
3090,3.0914,2.414812e-04,1620049920,23824.9
3100,3.1927,2.396069e-04,1625292800,23997.8
3110,3.0560,2.377375e-04,1630535680,24170.6
3120,3.0630,2.358731e-04,1635778560,24343.5
3130,3.1478,2.340138e-04,1641021440,24516.1
3140,3.0945,2.321597e-04,1646264320,24688.9
3150,3.0708,2.303109e-04,1651507200,24861.6
3160,3.0945,2.284675e-04,1656750080,25034.3
3170,3.0666,2.266296e-04,1661992960,25207.0
3180,2.9521,2.247973e-04,1667235840,25379.5
3190,2.9951,2.229706e-04,1672478720,25568.1
3200,3.0883,2.211498e-04,1677721600,25741.8
3210,3.0243,2.193349e-04,1682964480,25914.7
3220,3.1208,2.175259e-04,1688207360,26087.9
3230,3.1175,2.157231e-04,1693450240,26260.7
3240,3.1205,2.139264e-04,1698693120,26433.7
3250,3.0226,2.121360e-04,1703936000,26606.5
3260,3.0281,2.103520e-04,1709178880,26798.9
3270,3.0287,2.085744e-04,1714421760,26971.4
3280,3.0226,2.068035e-04,1719664640,27144.2
3290,2.9781,2.050392e-04,1724907520,27332.6
3300,3.0946,2.032817e-04,1730150400,27506.8
3310,3.0383,2.015310e-04,1735393280,27680.5
3320,3.0437,1.997873e-04,1740636160,27853.4
3330,3.0251,1.980506e-04,1745879040,28026.5
3340,3.0248,1.963211e-04,1751121920,28199.4
3350,3.0849,1.945988e-04,1756364800,28372.4
3360,2.9719,1.928838e-04,1761607680,28545.7
3370,3.0175,1.911763e-04,1766850560,28719.0
3380,3.0072,1.894763e-04,1772093440,28892.1
3390,2.9761,1.877838e-04,1777336320,29065.3
3400,3.0413,1.860991e-04,1782579200,29252.6
3410,3.0086,1.844222e-04,1787822080,29426.1
3420,3.1299,1.827531e-04,1793064960,29599.3
3430,3.1027,1.810921e-04,1798307840,29772.5
3440,3.0642,1.794391e-04,1803550720,29945.4
3450,3.0657,1.777942e-04,1808793600,30118.1
3460,2.9669,1.761576e-04,1814036480,30291.1
3470,2.9841,1.745293e-04,1819279360,30463.9
